"","color","congruency","rt","acc","sub"
"1","red","congruent",0.812108398802593,TRUE,1
"2","green","incongruent",0.850666449825439,FALSE,1
"3","red","congruent",0.555117356510891,TRUE,1
"4","red","congruent",0.891621722865239,TRUE,1
"5","green","congruent",1.09069654437735,TRUE,1
"6","green","incongruent",1.08495592198233,TRUE,1
"7","green","congruent",0.840059147001739,TRUE,1
"8","green","incongruent",0.735282426541744,TRUE,1
"9","blue","congruent",0.655357394500243,TRUE,1
"10","blue","incongruent",0.500291511356409,TRUE,1
"11","red","incongruent",0.680221714419531,TRUE,1
"12","blue","neutral",0.690251520813035,TRUE,1
"13","red","incongruent",0.644756407427849,TRUE,1
"14","green","incongruent",0.79984992197933,TRUE,1
"15","green","congruent",1.17556641426017,TRUE,1
"16","green","neutral",0.605416782289467,TRUE,1
"17","green","neutral",0.4947103616596,TRUE,1
"18","blue","incongruent",0.540675998450752,TRUE,1
"19","green","neutral",0.519518234557836,TRUE,1
"20","green","neutral",0.530182379136022,TRUE,1
"21","red","incongruent",0.545046497740259,TRUE,1
"22","green","neutral",0.734791376948124,TRUE,1
"23","red","neutral",0.620002218407535,TRUE,1
"24","blue","congruent",0.355525827670135,TRUE,1
"25","blue","incongruent",0.415130327482984,TRUE,1
"26","red","neutral",0.325725748802142,TRUE,1
"27","blue","congruent",0.505049639823483,TRUE,1
"28","blue","incongruent",0.539972976483114,TRUE,1
"29","green","neutral",0.500261511540884,TRUE,1
"30","red","neutral",0.845500955454554,TRUE,1
"31","green","neutral",0.635301729056664,TRUE,1
"32","green","neutral",0.474924299809572,TRUE,1
"33","red","incongruent",0.609953859497182,TRUE,1
"34","green","congruent",0.504667536924899,TRUE,1
"35","red","incongruent",0.570596076575384,TRUE,1
"36","blue","congruent",0.505560031406276,TRUE,1
"37","blue","congruent",0.39045626954794,TRUE,1
"38","green","incongruent",0.524819912297971,TRUE,1
"39","green","incongruent",0.349757968602717,TRUE,1
"40","red","neutral",0.320235388018773,TRUE,1
"41","red","incongruent",0.36540089817936,TRUE,1
"42","red","neutral",0.309594138036118,TRUE,1
"43","blue","neutral",0.490225389396073,TRUE,1
"44","red","incongruent",0.504633984501197,TRUE,1
"45","red","neutral",0.594895926300524,TRUE,1
"46","blue","neutral",0.415048617462162,TRUE,1
"47","green","incongruent",0.709979556704639,FALSE,1
"48","blue","incongruent",1.66561101530169,TRUE,1
"49","blue","congruent",0.385055908207505,TRUE,1
"50","blue","congruent",0.384763015281351,TRUE,1
"51","blue","incongruent",0.385461695172125,TRUE,1
"52","red","congruent",0.499974539630784,TRUE,1
"53","red","congruent",0.384722357637656,TRUE,1
"54","green","neutral",0.699787514471609,TRUE,1
"55","blue","incongruent",0.354939647082574,TRUE,1
"56","red","incongruent",0.789757747550539,TRUE,1
"57","blue","incongruent",0.730681007629755,FALSE,1
"58","red","congruent",0.555285908099904,TRUE,1
"59","green","congruent",0.610476487841879,TRUE,1
"60","blue","congruent",6.28038339762861,TRUE,1
"61","red","congruent",0.680571843831785,TRUE,1
"62","red","congruent",0.420201875067505,TRUE,1
"63","red","incongruent",0.40964470351355,TRUE,1
"64","blue","neutral",0.47544455975185,TRUE,1
"65","red","incongruent",0.510126318957191,TRUE,1
"66","blue","congruent",0.505064639732154,TRUE,1
"67","red","neutral",0.977203298873064,TRUE,1
"68","blue","congruent",0.485079631744156,TRUE,1
"69","blue","neutral",0.469878015226641,TRUE,1
"70","green","incongruent",0.660001839461984,TRUE,1
"71","green","incongruent",0.379881729679255,TRUE,1
"72","blue","neutral",0.644861012044203,TRUE,1
"73","green","congruent",0.754918489321426,TRUE,1
"74","red","incongruent",0.466265011256837,TRUE,1
"75","green","neutral",0.400042789209692,FALSE,1
"76","red","incongruent",0.675076351501048,TRUE,1
"77","blue","congruent",0.290645702585607,TRUE,1
"78","blue","neutral",0.515600890363203,TRUE,1
"79","green","congruent",0.855671682029424,TRUE,1
"80","blue","congruent",0.575443020286912,FALSE,1
"81","green","incongruent",0.545087155382134,FALSE,1
"82","green","congruent",0.585102960547374,TRUE,1
"83","red","neutral",0.47538850746605,TRUE,1
"84","blue","neutral",0.639994726348959,TRUE,1
"85","green","incongruent",0.621646681922357,TRUE,1
"86","green","incongruent",0.340497894289001,TRUE,1
"87","red","incongruent",0.369803765686811,TRUE,1
"88","blue","incongruent",0.639951305563955,TRUE,1
"89","green","neutral",0.669703226834827,TRUE,1
"90","red","congruent",0.980139728084396,TRUE,1
"91","green","incongruent",0.564861375198234,TRUE,1
"92","red","incongruent",0.720366597734028,TRUE,1
"93","blue","neutral",0.555281566021222,TRUE,1
"94","green","neutral",0.540072449552099,TRUE,1
"95","blue","neutral",0.620466820797446,FALSE,1
"96","red","congruent",0.339811056430335,TRUE,1
"97","blue","neutral",0.491537091811551,TRUE,1
"98","red","congruent",0.514650764660473,TRUE,1
"99","blue","incongruent",0.695547672272369,TRUE,1
"100","blue","incongruent",0.550351728088572,TRUE,1
"101","red","incongruent",0.869794094694953,TRUE,1
"102","blue","congruent",0.519816259031359,TRUE,1
"103","red","neutral",0.685090368519013,TRUE,1
"104","red","congruent",0.484797791383244,TRUE,1
"105","green","incongruent",0.53485563970753,FALSE,1
"106","green","incongruent",0.915730126405833,TRUE,1
"107","green","congruent",0.419946087175049,TRUE,1
"108","green","congruent",0.355070304171022,TRUE,1
"109","blue","incongruent",0.500460457678855,TRUE,1
"110","blue","congruent",0.405531176320437,TRUE,1
"111","green","congruent",0.655568972139008,TRUE,1
"112","blue","neutral",0.42488421453163,FALSE,1
"113","green","congruent",0.394666506666908,TRUE,1
"114","blue","congruent",0.374672025054679,TRUE,1
"115","blue","neutral",0.295206463853901,TRUE,1
"116","green","congruent",0.380346726804419,FALSE,1
"117","red","neutral",0.489915917623875,TRUE,1
"118","red","neutral",0.389711010997416,TRUE,1
"119","blue","incongruent",0.584803751871732,FALSE,1
"120","blue","neutral",1.91055910575233,TRUE,1
"121","red","congruent",0.49540983101906,TRUE,1
"122","red","congruent",0.409976675144208,TRUE,1
"123","red","neutral",0.579655625813757,TRUE,1
"124","green","neutral",0.825392790333353,TRUE,1
"125","blue","neutral",0.615371983883961,TRUE,1
"126","green","neutral",0.945375469387727,TRUE,1
"127","red","neutral",0.584733883883018,TRUE,1
"128","blue","incongruent",1.23480381108129,TRUE,1
"129","red","neutral",1.02044961037791,TRUE,1
"130","blue","incongruent",1.095361910262,TRUE,1
"131","green","congruent",0.825568841877612,TRUE,1
"132","red","congruent",0.594767242886519,TRUE,1
"133","green","neutral",1.26484902001175,TRUE,1
"134","green","congruent",0.425231580804393,TRUE,1
"135","red","neutral",0.559711670204706,TRUE,1
"136","green","neutral",0.690477778798595,TRUE,2
"137","blue","incongruent",0.505419068442279,TRUE,2
"138","red","congruent",0.560253164858295,TRUE,2
"139","red","congruent",0.380391091861384,TRUE,2
"140","red","incongruent",0.361037416972977,TRUE,2
"141","red","incongruent",0.295512023712945,TRUE,2
"142","blue","neutral",0.405479028124319,FALSE,2
"143","green","neutral",0.455528191905614,TRUE,2
"144","green","incongruent",0.455505297491982,TRUE,2
"145","blue","congruent",0.475170020632504,TRUE,2
"146","green","congruent",0.545273902065674,TRUE,2
"147","blue","neutral",0.460406675852937,TRUE,2
"148","red","neutral",0.514996433603301,TRUE,2
"149","green","neutral",0.874897813939242,TRUE,2
"150","green","congruent",0.350518222967366,TRUE,2
"151","green","congruent",0.305360174534144,TRUE,2
"152","blue","congruent",0.365274857314944,FALSE,2
"153","red","neutral",0.699945013931938,TRUE,2
"154","green","neutral",0.689816209165656,TRUE,2
"155","blue","incongruent",0.894855032962369,FALSE,2
"156","green","incongruent",0.914906198031531,TRUE,2
"157","green","incongruent",0.574922958321622,TRUE,2
"158","blue","congruent",0.67017635409502,TRUE,2
"159","green","congruent",0.489978364779745,TRUE,2
"160","blue","neutral",0.350438881978334,TRUE,2
"161","red","neutral",0.390054508443427,TRUE,2
"162","blue","neutral",0.570191709142819,TRUE,2
"163","green","congruent",0.475279361198773,TRUE,2
"164","blue","congruent",0.395272856027077,TRUE,2
"165","blue","congruent",0.709608825243777,TRUE,2
"166","green","congruent",0.450021690483482,TRUE,2
"167","red","incongruent",0.735356357483397,TRUE,2
"168","green","neutral",0.429706055454517,FALSE,2
"169","green","incongruent",0.605097007186487,TRUE,2
"170","blue","congruent",0.450025637797808,TRUE,2
"171","red","neutral",0.495160791815579,TRUE,2
"172","blue","congruent",0.480013768226854,TRUE,2
"173","red","incongruent",0.839957384810987,TRUE,2
"174","red","incongruent",0.605471212445991,FALSE,2
"175","blue","incongruent",0.775392372765054,FALSE,2
"176","green","incongruent",1.17531713698372,TRUE,2
"177","red","incongruent",0.725413865882729,TRUE,2
"178","blue","congruent",0.40019002363988,TRUE,2
"179","blue","congruent",0.440678795705026,TRUE,2
"180","green","neutral",0.650367159303642,TRUE,2
"181","blue","incongruent",1.05493277923597,FALSE,2
"182","red","incongruent",0.99536743364115,TRUE,2
"183","blue","incongruent",1.00980512511342,TRUE,2
"184","blue","incongruent",0.500538216105269,TRUE,2
"185","red","neutral",0.60565199937264,TRUE,2
"186","red","congruent",0.495433156400395,TRUE,2
"187","blue","incongruent",0.535243780119345,TRUE,2
"188","green","incongruent",0.554718242783565,TRUE,2
"189","green","congruent",0.590096823636486,TRUE,2
"190","green","congruent",0.385249049782942,TRUE,2
"191","green","incongruent",0.370272550109803,TRUE,2
"192","green","incongruent",0.355306708181161,TRUE,2
"193","red","neutral",0.49494882111685,TRUE,2
"194","red","neutral",0.445385176813943,TRUE,2
"195","green","incongruent",0.959971879343357,TRUE,2
"196","green","neutral",0.439938674546283,TRUE,2
"197","red","neutral",0.720114598387227,TRUE,2
"198","blue","neutral",0.420025665427602,TRUE,2
"199","green","incongruent",0.584982685111754,TRUE,2
"200","red","congruent",0.464986348219099,TRUE,2
"201","green","congruent",0.505327885515726,TRUE,2
"202","red","neutral",0.540044896737527,TRUE,2
"203","green","congruent",0.44030459044734,TRUE,2
"204","blue","incongruent",0.500120590408187,TRUE,2
"205","blue","neutral",0.339942582388176,TRUE,2
"206","green","neutral",0.524921557025664,TRUE,2
"207","blue","neutral",0.410484220814396,FALSE,2
"208","green","neutral",0.620164689786179,TRUE,2
"209","green","neutral",0.370121762760391,TRUE,2
"210","green","congruent",0.364860389465321,TRUE,2
"211","blue","incongruent",0.580456301471713,TRUE,2
"212","green","congruent",0.480273106681125,TRUE,2
"213","green","congruent",0.390221085044686,TRUE,2
"214","blue","congruent",0.420234873010486,TRUE,2
"215","green","incongruent",0.419714222445691,TRUE,2
"216","red","congruent",0.445101365019582,TRUE,2
"217","green","incongruent",0.605224900124085,TRUE,2
"218","red","neutral",0.495690521200231,TRUE,2
"219","blue","incongruent",0.459856025710906,TRUE,2
"220","blue","congruent",0.370383469600711,TRUE,2
"221","blue","neutral",0.41981251053403,TRUE,2
"222","red","congruent",0.494959478859528,TRUE,2
"223","blue","congruent",0.535141939448295,TRUE,2
"224","red","congruent",0.495441445758843,TRUE,2
"225","red","congruent",0.44962261715591,TRUE,2
"226","green","neutral",0.445414781659565,FALSE,2
"227","blue","incongruent",0.530353848966115,TRUE,2
"228","green","neutral",0.589719855259318,TRUE,2
"229","blue","incongruent",0.800039394182022,TRUE,2
"230","blue","neutral",0.374730645238742,TRUE,2
"231","red","neutral",0.439874333347689,TRUE,2
"232","blue","neutral",0.636285515452983,TRUE,2
"233","red","incongruent",0.454890306151356,TRUE,2
"234","green","neutral",0.424904149374925,TRUE,2
"235","green","congruent",0.365126833083195,TRUE,2
"236","blue","incongruent",0.409706600183199,TRUE,2
"237","red","incongruent",0.520657274955738,TRUE,2
"238","green","congruent",0.324917925498085,TRUE,2
"239","blue","congruent",0.535554828373279,TRUE,2
"240","red","neutral",0.565238226252404,TRUE,2
"241","red","congruent",0.350118754908181,TRUE,2
"242","blue","congruent",0.310432076810685,FALSE,2
"243","red","congruent",0.450671418178899,TRUE,2
"244","blue","congruent",0.420148032126235,FALSE,2
"245","green","neutral",0.88980602509946,TRUE,2
"246","green","neutral",0.380425038752946,TRUE,2
"247","green","incongruent",0.40569889344988,TRUE,2
"248","red","neutral",0.409636732745639,TRUE,2
"249","red","congruent",0.48542040263419,TRUE,2
"250","blue","incongruent",0.405513369745677,TRUE,2
"251","red","incongruent",0.820006481488235,TRUE,2
"252","green","incongruent",0.794853809295091,TRUE,2
"253","red","congruent",0.520168202894638,TRUE,2
"254","red","congruent",0.409796204183294,TRUE,2
"255","red","neutral",0.450378922298114,TRUE,2
"256","blue","neutral",0.440562349976972,FALSE,2
"257","blue","neutral",0.490297702388489,TRUE,2
"258","red","incongruent",0.539810821084757,FALSE,2
"259","blue","incongruent",0.575434530066559,TRUE,2
"260","red","congruent",0.440103277493108,TRUE,2
"261","red","incongruent",0.324993319172791,TRUE,2
"262","red","neutral",0.315411611969466,TRUE,2
"263","blue","neutral",0.439601179297824,TRUE,2
"264","red","incongruent",0.410609350630693,TRUE,2
"265","blue","neutral",0.335167912766337,TRUE,2
"266","green","incongruent",0.470520086098986,TRUE,2
"267","blue","neutral",0.63034559908192,TRUE,2
"268","red","incongruent",0.540117132561136,TRUE,2
"269","red","incongruent",0.375259585161984,TRUE,2
"270","red","congruent",0.290397885188213,TRUE,2
"271","blue","incongruent",2.80537286285016,TRUE,3
"272","blue","congruent",1.09039321891032,TRUE,3
"273","red","congruent",0.915691888917536,TRUE,3
"274","blue","incongruent",1.32143705805356,TRUE,3
"275","blue","congruent",1.20009331340771,TRUE,3
"276","green","neutral",1.01998343726518,TRUE,3
"277","green","neutral",0.650529052284583,TRUE,3
"278","green","congruent",4.13978853697699,TRUE,3
"279","red","neutral",1.1647893461668,TRUE,3
"280","green","neutral",0.954754049698749,TRUE,3
"281","blue","incongruent",0.975210369630076,TRUE,3
"282","blue","incongruent",0.534891083043476,TRUE,3
"283","blue","congruent",0.614784964699538,TRUE,3
"284","green","congruent",0.529446616757923,TRUE,3
"285","green","congruent",0.525075017822019,TRUE,3
"286","red","congruent",0.45565600036025,TRUE,3
"287","green","congruent",0.960271935164201,TRUE,3
"288","green","neutral",0.545616598734341,TRUE,3
"289","red","neutral",0.62987615842485,TRUE,3
"290","red","neutral",1.16003920426283,TRUE,3
"291","red","congruent",0.704890822523339,TRUE,3
"292","green","congruent",0.594910077295026,TRUE,3
"293","green","congruent",0.435668221100059,TRUE,3
"294","green","incongruent",0.505554989780649,TRUE,3
"295","red","neutral",0.835540645410219,TRUE,3
"296","blue","congruent",0.660617873701085,TRUE,3
"297","blue","incongruent",0.304738536937293,TRUE,3
"298","green","incongruent",0.835057499847608,TRUE,3
"299","red","congruent",0.515718414556432,TRUE,3
"300","red","congruent",1.15557563399034,TRUE,3
"301","red","neutral",0.704748720888347,TRUE,3
"302","green","neutral",0.489756050964388,TRUE,3
"303","green","congruent",0.405451887148956,TRUE,3
"304","green","neutral",0.459642345971588,TRUE,3
"305","blue","neutral",1.03496963366979,TRUE,3
"306","blue","incongruent",0.470062343145401,TRUE,3
"307","green","neutral",0.805129711163318,TRUE,3
"308","red","incongruent",0.644893538244105,TRUE,3
"309","green","congruent",0.770532304833068,TRUE,3
"310","green","congruent",0.449982592549532,TRUE,3
"311","green","congruent",0.400077287500608,TRUE,3
"312","blue","neutral",0.53005883797141,TRUE,3
"313","green","congruent",0.569895057941721,TRUE,3
"314","blue","incongruent",0.600497829397682,TRUE,3
"315","red","neutral",0.350536709983317,TRUE,3
"316","green","incongruent",0.795063783897604,TRUE,3
"317","red","congruent",0.500326439035234,TRUE,3
"318","blue","incongruent",0.884719258482619,TRUE,3
"319","red","incongruent",0.77524257933419,TRUE,3
"320","green","neutral",0.605078633519952,TRUE,3
"321","green","neutral",0.544683069932944,TRUE,3
"322","green","congruent",0.435140076688185,TRUE,3
"323","green","neutral",0.390612529101418,TRUE,3
"324","red","neutral",1.02475331550704,TRUE,3
"325","blue","congruent",0.620218773362467,TRUE,3
"326","blue","congruent",0.729965050892133,TRUE,3
"327","blue","incongruent",0.865903028264256,TRUE,3
"328","blue","neutral",0.444684964621047,TRUE,3
"329","red","congruent",0.454849573577121,TRUE,3
"330","red","incongruent",2.62534548460189,TRUE,3
"331","blue","incongruent",1.12463418696916,TRUE,3
"332","red","incongruent",0.735081104508936,TRUE,3
"333","red","incongruent",1.14983946462507,TRUE,3
"334","green","congruent",0.940104555225844,TRUE,3
"335","green","congruent",0.440493755817442,TRUE,3
"336","blue","congruent",0.600274808773975,TRUE,3
"337","blue","incongruent",0.439817194140232,TRUE,3
"338","blue","congruent",0.540199763321652,TRUE,3
"339","blue","neutral",0.425635845611396,TRUE,3
"340","red","neutral",0.420029541351141,TRUE,3
"341","blue","neutral",0.424503769245348,FALSE,3
"342","blue","congruent",0.599979553154299,TRUE,3
"343","red","incongruent",0.850210270948082,TRUE,3
"344","red","congruent",0.520498950421825,TRUE,3
"345","green","incongruent",0.609638911848378,TRUE,3
"346","red","neutral",0.680340396574138,TRUE,3
"347","red","neutral",0.750440712435193,TRUE,3
"348","blue","neutral",0.649751440555519,TRUE,3
"349","red","neutral",0.610103505252482,TRUE,3
"350","blue","neutral",0.780273371969088,TRUE,3
"351","blue","congruent",0.589864679770471,TRUE,3
"352","red","incongruent",0.729706899586745,TRUE,3
"353","blue","neutral",0.815588786286753,TRUE,3
"354","red","neutral",0.804986425346215,TRUE,3
"355","red","incongruent",0.635369965556492,TRUE,3
"356","red","incongruent",0.690411850013334,TRUE,3
"357","blue","congruent",0.560382932330867,TRUE,3
"358","blue","incongruent",0.939977058480508,TRUE,3
"359","green","neutral",0.500152759258526,TRUE,3
"360","green","incongruent",2.32500854583395,TRUE,3
"361","red","congruent",0.744664675664353,TRUE,3
"362","green","neutral",1.00508605438154,TRUE,3
"363","blue","neutral",0.925317301111136,TRUE,3
"364","red","congruent",0.845271449649772,TRUE,3
"365","blue","neutral",0.699913318001563,TRUE,3
"366","green","incongruent",0.829942235684939,TRUE,3
"367","green","incongruent",0.78011232344852,TRUE,3
"368","green","incongruent",0.480341028137445,TRUE,3
"369","blue","incongruent",0.740196763398671,TRUE,3
"370","red","congruent",0.599749427448842,TRUE,3
"371","red","incongruent",0.765621509134689,TRUE,3
"372","blue","congruent",0.77015849858617,TRUE,3
"373","green","congruent",0.675511309316789,TRUE,3
"374","red","neutral",1.00463330278126,TRUE,3
"375","red","incongruent",0.695002127577936,TRUE,3
"376","blue","neutral",0.600545196609346,TRUE,3
"377","red","incongruent",0.700176600755185,TRUE,3
"378","green","incongruent",0.755624264327707,TRUE,3
"379","blue","congruent",0.56534267414736,TRUE,3
"380","red","incongruent",1.46971340468372,TRUE,3
"381","blue","neutral",0.785409556650848,TRUE,3
"382","blue","incongruent",0.795340882088567,TRUE,3
"383","green","neutral",0.709798065680843,TRUE,3
"384","blue","congruent",0.730588324456221,TRUE,3
"385","red","congruent",0.515284609840819,TRUE,3
"386","blue","neutral",0.515021327087197,TRUE,3
"387","red","congruent",0.469756429902191,TRUE,3
"388","green","neutral",0.709622412269709,TRUE,3
"389","blue","neutral",0.994844868433574,FALSE,3
"390","red","congruent",0.730148204112083,TRUE,3
"391","green","neutral",0.900317281374555,TRUE,3
"392","green","incongruent",0.679954353796347,TRUE,3
"393","red","neutral",0.730228728371912,TRUE,3
"394","red","incongruent",0.830049601365317,TRUE,3
"395","red","incongruent",0.580013878592581,TRUE,3
"396","green","incongruent",0.820425373352009,TRUE,3
"397","red","neutral",0.665426040441162,TRUE,3
"398","blue","incongruent",0.725709106899558,TRUE,3
"399","blue","neutral",0.594895472405369,TRUE,3
"400","green","incongruent",0.500155127619109,TRUE,3
"401","green","incongruent",0.544900169653374,TRUE,3
"402","blue","congruent",0.64555115303574,FALSE,3
"403","red","congruent",0.755355455399695,TRUE,3
"404","green","incongruent",0.689713578363808,TRUE,3
"405","green","incongruent",0.595069941635302,TRUE,3
"406","blue","incongruent",1.44071266927688,TRUE,4
"407","red","incongruent",0.520642043397856,TRUE,4
"408","red","incongruent",0.600531944078739,TRUE,4
"409","green","congruent",0.726839452440231,TRUE,4
"410","red","incongruent",0.914852631832446,TRUE,4
"411","blue","neutral",1.23527630815965,TRUE,4
"412","green","congruent",1.1804646734422,TRUE,4
"413","green","incongruent",1.52998185405966,TRUE,4
"414","blue","neutral",0.799551897507968,TRUE,4
"415","red","congruent",0.555761957787922,TRUE,4
"416","red","incongruent",1.0500716640305,TRUE,4
"417","green","incongruent",0.834861284410408,TRUE,4
"418","red","incongruent",0.605598360115437,TRUE,4
"419","green","neutral",1.12481541232569,TRUE,4
"420","blue","incongruent",0.620709582453856,TRUE,4
"421","green","incongruent",1.04471314453713,TRUE,4
"422","blue","congruent",1.1155521801378,TRUE,4
"423","blue","incongruent",0.675020693951069,TRUE,4
"424","blue","neutral",0.605023232093231,TRUE,4
"425","red","congruent",0.349831783934974,TRUE,4
"426","green","neutral",0.660492889057082,TRUE,4
"427","green","congruent",1.12571659096318,TRUE,4
"428","red","neutral",0.880423502644021,TRUE,4
"429","red","neutral",0.344693526237393,TRUE,4
"430","red","incongruent",0.379885282288342,TRUE,4
"431","red","neutral",0.509819610326076,TRUE,4
"432","blue","incongruent",1.04048790750903,TRUE,4
"433","blue","neutral",0.53039948305593,TRUE,4
"434","blue","neutral",0.320266572035734,TRUE,4
"435","green","incongruent",1.42016477003358,TRUE,4
"436","red","congruent",1.2150516963909,TRUE,4
"437","red","incongruent",0.560006536801666,TRUE,4
"438","red","congruent",0.355084119874505,TRUE,4
"439","red","congruent",0.325612460028196,TRUE,4
"440","red","incongruent",0.340174606815026,TRUE,4
"441","blue","neutral",0.619835245755667,TRUE,4
"442","green","congruent",0.550538042725179,TRUE,4
"443","red","incongruent",0.624942319435718,TRUE,4
"444","red","neutral",0.390083640272223,TRUE,4
"445","red","congruent",0.290093469158819,TRUE,4
"446","red","incongruent",0.355665958381564,TRUE,4
"447","blue","neutral",0.595221582182376,TRUE,4
"448","blue","congruent",0.590661610382199,TRUE,4
"449","green","neutral",0.46018096993339,TRUE,4
"450","blue","neutral",0.555313539508461,TRUE,4
"451","red","incongruent",0.670007567058406,TRUE,4
"452","green","incongruent",0.869447517890421,TRUE,4
"453","red","neutral",0.675010825590903,TRUE,4
"454","blue","incongruent",0.950485700943773,TRUE,4
"455","blue","congruent",0.475482454253211,TRUE,4
"456","blue","congruent",0.290634255288182,TRUE,4
"457","blue","incongruent",0.290418730305191,TRUE,4
"458","blue","incongruent",0.341411704427628,TRUE,4
"459","blue","congruent",0.389824694505251,TRUE,4
"460","blue","congruent",0.445014879513224,TRUE,4
"461","red","neutral",0.655337263045908,TRUE,4
"462","blue","congruent",0.509928162286315,TRUE,4
"463","blue","neutral",0.490109732216069,TRUE,4
"464","green","incongruent",0.940597998933413,TRUE,4
"465","green","neutral",1.24510835261935,TRUE,4
"466","blue","congruent",1.02032013749385,TRUE,4
"467","green","neutral",0.669838620734822,TRUE,4
"468","green","neutral",0.499927171503032,TRUE,4
"469","blue","congruent",0.81567363991303,TRUE,4
"470","green","incongruent",0.675491612091264,TRUE,4
"471","red","neutral",1.48524542019277,TRUE,4
"472","green","congruent",0.665206807273762,TRUE,4
"473","green","neutral",0.505208323053694,TRUE,4
"474","green","congruent",0.520683095775553,TRUE,4
"475","blue","incongruent",0.814925223488672,TRUE,4
"476","blue","congruent",0.460177812058191,TRUE,4
"477","red","congruent",0.499834803653243,TRUE,4
"478","green","incongruent",0.689976785669955,TRUE,4
"479","red","congruent",0.534889586866939,TRUE,4
"480","red","incongruent",0.395622158652372,TRUE,4
"481","green","congruent",0.969624398375458,TRUE,4
"482","blue","congruent",0.53469419333851,TRUE,4
"483","blue","congruent",0.385045250378084,TRUE,4
"484","red","neutral",0.685077737019242,TRUE,4
"485","blue","congruent",0.695516488253247,TRUE,4
"486","red","congruent",0.5150553674207,TRUE,4
"487","green","incongruent",0.555377881215691,TRUE,4
"488","red","neutral",0.549944362186238,TRUE,4
"489","red","incongruent",0.53047171945127,TRUE,4
"490","red","incongruent",0.530166195024776,TRUE,4
"491","green","incongruent",0.734869534359404,TRUE,4
"492","green","congruent",0.466398431483412,TRUE,4
"493","red","congruent",0.508747511693059,TRUE,4
"494","red","congruent",0.434960599585679,TRUE,4
"495","blue","neutral",1.28530968295331,FALSE,4
"496","green","congruent",1.28969123480431,TRUE,4
"497","blue","incongruent",0.890353441235334,TRUE,4
"498","green","neutral",0.910030556389984,TRUE,4
"499","blue","incongruent",1.40552525530427,TRUE,4
"500","green","neutral",1.37969107296317,TRUE,4
"501","green","neutral",1.40505078455431,TRUE,4
"502","green","incongruent",0.519944152977018,TRUE,4
"503","blue","congruent",1.3903591648841,TRUE,4
"504","green","incongruent",1.04052895988661,TRUE,4
"505","blue","neutral",1.29048109834059,TRUE,4
"506","red","neutral",0.385612088977837,TRUE,4
"507","red","incongruent",0.305426926965083,TRUE,4
"508","red","neutral",0.290152679319021,TRUE,4
"509","blue","incongruent",0.720513438930084,TRUE,4
"510","red","neutral",0.710113766401719,TRUE,4
"511","blue","incongruent",0.76005595754873,FALSE,4
"512","green","incongruent",1.79012129793409,TRUE,4
"513","green","neutral",0.855254842502973,TRUE,4
"514","green","neutral",0.655519630339086,TRUE,4
"515","blue","incongruent",0.76026358784361,TRUE,4
"516","red","congruent",0.52482978065791,TRUE,4
"517","blue","neutral",0.590324901938061,TRUE,4
"518","green","congruent",0.595254345137619,TRUE,4
"519","green","incongruent",0.430144839893842,TRUE,4
"520","green","neutral",0.339967371254374,TRUE,4
"521","green","neutral",0.314850026585304,TRUE,4
"522","red","neutral",0.634776732301702,TRUE,4
"523","red","neutral",0.295035149124715,TRUE,4
"524","blue","incongruent",1.1649160853874,TRUE,4
"525","blue","neutral",0.99498766257625,TRUE,4
"526","red","congruent",0.550401464622496,TRUE,4
"527","green","incongruent",0.884914001189713,TRUE,4
"528","green","congruent",0.490148416187481,TRUE,4
"529","blue","congruent",0.600007342059826,TRUE,4
"530","red","neutral",0.530621718523662,TRUE,4
"531","blue","incongruent",0.705671030718577,TRUE,4
"532","green","neutral",0.874714064268233,TRUE,4
"533","red","congruent",0.295486725279488,TRUE,4
"534","blue","neutral",0.72535722476448,TRUE,4
"535","blue","neutral",0.424995529632952,TRUE,4
"536","green","congruent",0.564720455018232,TRUE,4
"537","green","congruent",0.355028462323958,TRUE,4
"538","green","congruent",0.354874121173225,TRUE,4
"539","red","congruent",0.635270150302972,TRUE,4
"540","green","congruent",0.634778311239415,TRUE,4
"541","green","incongruent",2.34582368379779,TRUE,5
"542","blue","incongruent",0.730592345607874,TRUE,5
"543","red","congruent",0.685507322463309,TRUE,5
"544","green","neutral",0.540974883642775,TRUE,5
"545","blue","congruent",0.349790733209375,TRUE,5
"546","red","incongruent",0.38000109735367,TRUE,5
"547","blue","neutral",0.420545921260782,TRUE,5
"548","blue","neutral",0.624657126538295,TRUE,5
"549","blue","congruent",0.420620920205693,TRUE,5
"550","green","incongruent",0.549861469055031,TRUE,5
"551","red","neutral",0.36985058236678,TRUE,5
"552","red","congruent",0.530309244330056,TRUE,5
"553","blue","incongruent",0.780274804024884,TRUE,5
"554","red","neutral",0.525047871036804,TRUE,5
"555","blue","congruent",0.64012901397291,TRUE,5
"556","red","neutral",0.520687669266408,TRUE,5
"557","blue","congruent",0.419972771436733,TRUE,5
"558","blue","congruent",0.479688904379145,TRUE,5
"559","green","neutral",0.510082818571391,TRUE,5
"560","red","congruent",0.435075190389398,TRUE,5
"561","red","congruent",0.38473116233763,TRUE,5
"562","blue","neutral",0.870239195317481,TRUE,5
"563","blue","neutral",0.445356361429731,TRUE,5
"564","blue","congruent",0.429993025098156,TRUE,5
"565","green","neutral",0.570821305542268,TRUE,5
"566","blue","incongruent",0.755270156063489,TRUE,5
"567","red","congruent",0.525209316132532,TRUE,5
"568","red","neutral",0.494857243456863,TRUE,5
"569","green","neutral",0.600439967491184,TRUE,5
"570","green","incongruent",0.975531002392017,TRUE,5
"571","blue","neutral",0.440034988980187,TRUE,5
"572","blue","incongruent",0.489878103031515,TRUE,5
"573","blue","incongruent",0.365006045309201,TRUE,5
"574","blue","neutral",0.40547744919968,TRUE,5
"575","green","incongruent",0.525018660920978,TRUE,5
"576","green","neutral",0.460043128339748,TRUE,5
"577","red","neutral",0.460604830957891,TRUE,5
"578","green","congruent",0.469999040802577,TRUE,5
"579","red","congruent",0.415249811614558,FALSE,5
"580","blue","congruent",0.670048855890855,TRUE,5
"581","green","neutral",0.600580886559328,TRUE,5
"582","blue","neutral",0.505097362445667,TRUE,5
"583","red","congruent",0.365490775327999,TRUE,5
"584","blue","neutral",0.785499072579114,TRUE,5
"585","red","incongruent",0.580470906528717,TRUE,5
"586","green","neutral",0.649942033711341,TRUE,5
"587","green","congruent",0.490427568980522,TRUE,5
"588","red","neutral",0.615391599092618,TRUE,5
"589","green","congruent",0.575232822380713,TRUE,5
"590","green","incongruent",0.564776785378854,TRUE,5
"591","green","congruent",0.575617685382895,TRUE,5
"592","red","incongruent",0.704819550566754,TRUE,5
"593","red","incongruent",0.440285248616419,TRUE,5
"594","green","congruent",0.539920161651025,TRUE,5
"595","red","neutral",0.480353237131567,TRUE,5
"596","red","incongruent",0.61540107264409,TRUE,5
"597","green","incongruent",0.654855254011636,TRUE,5
"598","red","incongruent",0.725327025002116,TRUE,5
"599","red","neutral",0.835117189797529,TRUE,5
"600","blue","congruent",1.18497265893893,FALSE,5
"601","red","incongruent",0.770524151830614,TRUE,5
"602","green","incongruent",0.534865627549152,TRUE,5
"603","red","incongruent",0.634824220236624,TRUE,5
"604","green","congruent",0.580556957949739,TRUE,5
"605","green","congruent",0.575248611630741,TRUE,5
"606","green","neutral",0.500245720224484,TRUE,5
"607","red","neutral",0.85980407907482,TRUE,5
"608","green","neutral",0.595533457621059,TRUE,5
"609","red","neutral",0.524679192016265,TRUE,5
"610","blue","incongruent",0.626481574536228,TRUE,5
"611","red","congruent",0.475011733387873,TRUE,5
"612","blue","neutral",0.675433780077583,TRUE,5
"613","red","incongruent",0.515059195877257,TRUE,5
"614","blue","neutral",0.550263700235519,TRUE,5
"615","green","congruent",0.765359092971266,TRUE,5
"616","blue","congruent",0.509926110251399,TRUE,5
"617","red","incongruent",0.480702574319366,TRUE,5
"618","blue","congruent",0.719664209989787,TRUE,5
"619","blue","incongruent",0.434899534966462,TRUE,5
"620","red","neutral",0.744883591771213,TRUE,5
"621","blue","congruent",0.339955213788926,TRUE,5
"622","green","congruent",0.465443052315095,TRUE,5
"623","red","congruent",0.555635993019678,TRUE,5
"624","green","congruent",0.635610919687679,TRUE,5
"625","blue","neutral",0.595260698302809,FALSE,5
"626","green","neutral",0.789671776989053,TRUE,5
"627","red","congruent",0.56048329319492,TRUE,5
"628","blue","incongruent",0.91504751183129,TRUE,5
"629","blue","incongruent",0.459761684935074,TRUE,5
"630","red","neutral",0.75489318768814,TRUE,5
"631","green","incongruent",0.66489998101315,TRUE,5
"632","red","incongruent",0.695143107854165,TRUE,5
"633","blue","incongruent",0.700076459450429,TRUE,5
"634","blue","incongruent",0.440589586434726,TRUE,5
"635","green","congruent",0.585440968132389,TRUE,5
"636","red","incongruent",0.815812066857688,TRUE,5
"637","green","incongruent",0.644908815098461,TRUE,5
"638","red","congruent",0.504801313982171,TRUE,5
"639","green","neutral",0.704986916633061,TRUE,5
"640","green","incongruent",0.499701780514442,TRUE,5
"641","blue","congruent",0.385592860733595,TRUE,5
"642","green","incongruent",0.600821277910654,TRUE,5
"643","green","neutral",0.385495756834644,TRUE,5
"644","blue","congruent",0.585016632003317,TRUE,5
"645","red","incongruent",0.615127918594226,TRUE,5
"646","blue","neutral",0.640057962342325,TRUE,5
"647","red","congruent",0.525058923512915,TRUE,5
"648","red","incongruent",0.565657430875945,TRUE,5
"649","green","incongruent",0.614930158219067,TRUE,5
"650","red","neutral",1.07058269047957,TRUE,5
"651","green","incongruent",0.679632931483866,TRUE,5
"652","green","congruent",0.674753263341699,TRUE,5
"653","blue","incongruent",0.600441941147437,TRUE,5
"654","red","congruent",0.90065521446013,TRUE,5
"655","red","congruent",0.389805038270424,TRUE,5
"656","green","neutral",0.630639279157549,TRUE,5
"657","red","incongruent",0.594823336039553,TRUE,5
"658","blue","congruent",0.630725725308366,TRUE,5
"659","blue","neutral",0.44544636016326,TRUE,5
"660","green","congruent",0.624700546977692,TRUE,5
"661","green","congruent",0.445639778492477,TRUE,5
"662","blue","neutral",0.609649443094895,TRUE,5
"663","red","congruent",0.335568565022186,TRUE,5
"664","blue","incongruent",1.37051452038759,TRUE,5
"665","blue","congruent",0.425077436409993,TRUE,5
"666","red","neutral",0.570415127049273,TRUE,5
"667","green","incongruent",0.520267280446205,TRUE,5
"668","green","neutral",0.419846457425592,TRUE,5
"669","blue","incongruent",0.644983024581961,TRUE,5
"670","red","neutral",0.530370032947758,TRUE,5
"671","green","congruent",0.980351855572735,TRUE,5
"672","green","neutral",0.509908347343298,TRUE,5
"673","blue","incongruent",0.795310118661291,TRUE,5
"674","blue","neutral",0.665313659399544,TRUE,5
"675","green","incongruent",0.594834388515665,TRUE,5
"676","red","incongruent",2.50585581780535,TRUE,6
"677","red","neutral",0.708089357371819,TRUE,6
"678","red","neutral",0.330172994318218,TRUE,6
"679","green","neutral",0.696609033472214,TRUE,6
"680","red","incongruent",0.544931707783007,TRUE,6
"681","blue","congruent",0.512767932776001,TRUE,6
"682","blue","congruent",0.355072160569762,TRUE,6
"683","red","congruent",0.526526637556685,TRUE,6
"684","green","incongruent",0.800910878676632,TRUE,6
"685","red","neutral",0.502501797994682,TRUE,6
"686","red","neutral",0.320391193102637,TRUE,6
"687","green","neutral",0.777779312838447,TRUE,6
"688","green","congruent",0.359865760261641,TRUE,6
"689","blue","neutral",0.395373686832272,TRUE,6
"690","green","incongruent",0.544649081187231,TRUE,6
"691","green","neutral",0.410438158064039,TRUE,6
"692","red","neutral",0.540231659073356,TRUE,6
"693","green","incongruent",0.424699353985034,TRUE,6
"694","red","incongruent",0.610159636659091,TRUE,6
"695","blue","congruent",0.394633963032788,TRUE,6
"696","green","congruent",0.730396332485725,TRUE,6
"697","blue","incongruent",0.699874633789364,TRUE,6
"698","red","incongruent",0.570083106429479,FALSE,6
"699","red","incongruent",0.544440663809382,TRUE,6
"700","red","incongruent",0.450423110960969,TRUE,6
"701","red","neutral",0.369731244212289,TRUE,6
"702","red","neutral",0.349724360123219,TRUE,6
"703","green","incongruent",0.835075539457648,TRUE,6
"704","blue","incongruent",0.580101745574552,TRUE,6
"705","red","neutral",0.589870915433949,TRUE,6
"706","red","congruent",0.340626231063766,TRUE,6
"707","blue","neutral",0.454634089346314,TRUE,6
"708","green","incongruent",0.325302422299387,FALSE,6
"709","red","congruent",0.520340430839724,TRUE,6
"710","blue","incongruent",0.820418034734644,TRUE,6
"711","blue","neutral",0.479635095907611,TRUE,6
"712","red","incongruent",0.389699444772987,TRUE,6
"713","red","congruent",0.344975759637919,TRUE,6
"714","green","incongruent",0.444841235693957,TRUE,6
"715","blue","neutral",1.64956552081844,TRUE,6
"716","blue","neutral",0.524697854011492,TRUE,6
"717","blue","congruent",0.415062023906444,TRUE,6
"718","green","congruent",0.499865002380261,TRUE,6
"719","blue","neutral",0.635426296431092,TRUE,6
"720","blue","congruent",0.415007551182612,TRUE,6
"721","blue","congruent",0.610718574172552,TRUE,6
"722","green","congruent",0.564854514407216,TRUE,6
"723","green","congruent",0.420194301837341,TRUE,6
"724","blue","neutral",0.465639553197434,TRUE,6
"725","blue","incongruent",0.345625879754266,TRUE,6
"726","blue","congruent",0.329844579056157,TRUE,6
"727","green","neutral",0.495147980285651,TRUE,6
"728","green","neutral",0.320543953567153,TRUE,6
"729","green","congruent",0.350260008573514,TRUE,6
"730","green","congruent",0.364986591025854,TRUE,6
"731","red","congruent",0.51058507652624,TRUE,6
"732","red","congruent",0.350368164561246,TRUE,6
"733","red","neutral",0.250535056355602,TRUE,6
"734","red","incongruent",0.375358908145586,TRUE,6
"735","red","congruent",1.09017801528239,TRUE,6
"736","red","neutral",0.330374701288179,TRUE,6
"737","red","congruent",0.270533256387239,TRUE,6
"738","blue","congruent",1.00075393407542,TRUE,6
"739","blue","incongruent",0.370216367237731,TRUE,6
"740","blue","incongruent",0.345045626827073,TRUE,6
"741","green","incongruent",0.494843248816437,TRUE,6
"742","red","neutral",0.580644893892668,TRUE,6
"743","green","incongruent",0.660077177586572,TRUE,6
"744","green","neutral",0.505097146971366,TRUE,6
"745","blue","neutral",0.704723100934871,TRUE,6
"746","green","incongruent",0.570603360414452,TRUE,6
"747","blue","incongruent",0.532843894594407,TRUE,6
"748","green","neutral",0.520087803715001,TRUE,6
"749","green","incongruent",0.600123629399263,TRUE,6
"750","red","congruent",0.495579420047079,TRUE,6
"751","blue","neutral",0.604824862298415,TRUE,6
"752","green","congruent",0.335517242196033,TRUE,6
"753","red","congruent",0.490616481235634,TRUE,6
"754","red","incongruent",0.570335733554202,TRUE,6
"755","blue","congruent",1.25012098470893,TRUE,6
"756","red","neutral",0.465333637538606,TRUE,6
"757","green","congruent",0.434626021067515,TRUE,6
"758","red","congruent",0.465161930039699,TRUE,6
"759","blue","congruent",0.345302595980456,TRUE,6
"760","green","congruent",0.495021666723233,TRUE,6
"761","blue","incongruent",0.910322502208601,TRUE,6
"762","green","neutral",0.67994353783763,TRUE,6
"763","blue","incongruent",0.359754446434749,TRUE,6
"764","blue","congruent",0.410200530674842,TRUE,6
"765","blue","incongruent",1.05489074271588,TRUE,6
"766","red","incongruent",0.569833637143688,TRUE,6
"767","green","incongruent",1.04512867799428,TRUE,6
"768","red","incongruent",0.435942445225351,TRUE,6
"769","blue","congruent",0.440092240478862,TRUE,6
"770","red","incongruent",1.1654956346822,TRUE,6
"771","blue","congruent",0.515298940781804,TRUE,6
"772","blue","neutral",0.565106352072235,TRUE,6
"773","blue","congruent",0.355674518370279,TRUE,6
"774","green","congruent",0.474726235090088,TRUE,6
"775","red","congruent",0.520321878535242,TRUE,6
"776","red","incongruent",0.494736277018319,TRUE,6
"777","blue","neutral",0.519607417448128,TRUE,6
"778","blue","neutral",0.3355815831668,TRUE,6
"779","blue","incongruent",0.35976155157266,TRUE,6
"780","red","congruent",0.544858288024898,TRUE,6
"781","red","neutral",0.41475729243723,TRUE,6
"782","green","incongruent",0.405094699646042,TRUE,6
"783","green","neutral",0.360020494375476,TRUE,6
"784","green","neutral",0.295193611059972,TRUE,6
"785","red","congruent",0.389700628962601,FALSE,6
"786","red","incongruent",0.889727470594607,TRUE,6
"787","green","neutral",0.710164452363529,TRUE,6
"788","green","neutral",0.340179002107106,TRUE,6
"789","blue","neutral",0.399707426211194,TRUE,6
"790","red","neutral",0.495461395812185,TRUE,6
"791","blue","incongruent",0.835415401886394,TRUE,6
"792","green","neutral",0.390094964115065,TRUE,6
"793","red","incongruent",0.489933203809301,TRUE,6
"794","green","congruent",0.490355564783385,TRUE,6
"795","blue","incongruent",1.12559318033084,TRUE,6
"796","blue","incongruent",0.340260711192627,TRUE,6
"797","green","neutral",0.44479821013681,FALSE,6
"798","green","incongruent",0.449813648022541,TRUE,6
"799","blue","neutral",0.444891761118924,TRUE,6
"800","green","congruent",0.455095923308704,TRUE,6
"801","blue","congruent",0.484984475273791,TRUE,6
"802","green","incongruent",0.399930448594773,TRUE,6
"803","blue","neutral",0.324830720089949,TRUE,6
"804","green","incongruent",0.440726571399864,TRUE,6
"805","red","congruent",0.525034558601192,TRUE,6
"806","green","congruent",0.29006488569803,TRUE,6
"807","red","neutral",0.835018303624679,TRUE,6
"808","green","congruent",0.359915101496881,TRUE,6
"809","blue","incongruent",0.585504413474837,TRUE,6
"810","green","neutral",0.505345826797338,TRUE,6
"811","red","incongruent",3.9359875011296,TRUE,7
"812","red","neutral",0.915744731578343,TRUE,7
"813","red","congruent",0.514984709962846,TRUE,7
"814","green","congruent",1.17585535984199,TRUE,7
"815","green","neutral",0.865224254534041,TRUE,7
"816","green","congruent",0.65482450305899,TRUE,7
"817","blue","incongruent",0.645269167413971,TRUE,7
"818","green","neutral",0.674678853959449,TRUE,7
"819","red","congruent",0.735249663587638,TRUE,7
"820","green","congruent",0.820080060030705,TRUE,7
"821","red","incongruent",0.87564445325097,FALSE,7
"822","green","neutral",0.660068154841611,TRUE,7
"823","green","congruent",0.710564553087352,TRUE,7
"824","blue","congruent",0.624759952142085,TRUE,7
"825","blue","incongruent",0.585496905479886,TRUE,7
"826","blue","congruent",0.514630633204433,TRUE,7
"827","green","congruent",0.775516519831399,TRUE,7
"828","green","neutral",0.780499252176014,TRUE,7
"829","green","congruent",0.470549853178454,TRUE,7
"830","blue","congruent",0.524971490307507,TRUE,7
"831","blue","congruent",0.645342982747934,TRUE,7
"832","red","neutral",0.650289794260971,TRUE,7
"833","green","neutral",0.704694063076204,TRUE,7
"834","blue","congruent",0.784881988229245,TRUE,7
"835","blue","incongruent",0.589740695025284,TRUE,7
"836","blue","congruent",0.505030297838857,TRUE,7
"837","blue","congruent",0.449924191258106,TRUE,7
"838","red","congruent",0.815486141073052,TRUE,7
"839","green","neutral",0.735316373700698,TRUE,7
"840","green","neutral",1.03008665604284,TRUE,7
"841","red","congruent",0.560389034436412,TRUE,7
"842","red","neutral",0.399789369723294,TRUE,7
"843","blue","congruent",0.514846947657134,TRUE,7
"844","blue","neutral",1.01545740440815,TRUE,7
"845","blue","incongruent",0.510050924684947,TRUE,7
"846","blue","neutral",0.450284189031663,TRUE,7
"847","red","congruent",0.665465358305482,TRUE,7
"848","red","congruent",0.675256745123079,TRUE,7
"849","blue","congruent",0.450470108935406,TRUE,7
"850","green","neutral",0.425647630862841,TRUE,7
"851","red","incongruent",1.36517353116415,TRUE,7
"852","green","neutral",0.705223796642713,TRUE,7
"853","blue","congruent",0.559813511679749,TRUE,7
"854","red","incongruent",0.755064935782684,TRUE,7
"855","blue","incongruent",0.494777861242255,TRUE,7
"856","green","incongruent",1.23480302161261,TRUE,7
"857","blue","neutral",0.949846625948339,TRUE,7
"858","red","congruent",0.455307579019063,TRUE,7
"859","green","neutral",0.524969911370135,TRUE,7
"860","green","incongruent",0.555546827538819,FALSE,7
"861","blue","congruent",0.635236597879157,TRUE,7
"862","red","neutral",0.675490033153437,TRUE,7
"863","blue","incongruent",0.630453601142108,TRUE,7
"864","red","congruent",0.749970493603541,TRUE,7
"865","blue","neutral",0.775023496565154,TRUE,7
"866","green","neutral",0.645470876693253,TRUE,7
"867","blue","congruent",0.729985880350796,TRUE,7
"868","red","incongruent",0.52488109613023,FALSE,7
"869","blue","neutral",0.665600357471703,TRUE,7
"870","blue","incongruent",1.8450331951899,TRUE,7
"871","blue","incongruent",0.47559929563613,TRUE,7
"872","red","neutral",0.800468865520997,TRUE,7
"873","red","incongruent",0.570032001118307,TRUE,7
"874","green","incongruent",0.85539102587154,TRUE,7
"875","red","incongruent",0.824745031181919,TRUE,7
"876","red","neutral",0.479985189565014,TRUE,7
"877","red","neutral",0.540091396802381,TRUE,7
"878","blue","incongruent",0.469799068348038,TRUE,7
"879","blue","neutral",0.405079205431321,TRUE,7
"880","red","congruent",0.526568190959551,TRUE,7
"881","red","congruent",0.400461207674198,TRUE,7
"882","green","congruent",0.500120196625176,TRUE,7
"883","green","incongruent",0.484951343064495,TRUE,7
"884","blue","congruent",0.665265622698826,TRUE,7
"885","red","incongruent",1.32121432933218,TRUE,7
"886","red","incongruent",0.530499350858918,TRUE,7
"887","red","incongruent",0.535045112221269,TRUE,7
"888","blue","neutral",0.605172046962252,TRUE,7
"889","blue","neutral",0.834819047829114,TRUE,7
"890","red","neutral",0.640291171883291,TRUE,7
"891","red","congruent",0.581118906237862,TRUE,7
"892","blue","incongruent",0.670218355228826,TRUE,7
"893","green","incongruent",0.515179314023044,TRUE,7
"894","red","incongruent",0.60544401896459,TRUE,7
"895","blue","neutral",0.464801730831823,TRUE,7
"896","red","incongruent",0.570087263933601,TRUE,7
"897","red","incongruent",0.430091550749239,TRUE,7
"898","red","incongruent",0.469943935873744,TRUE,7
"899","green","congruent",0.600251287919491,TRUE,7
"900","green","incongruent",1.28051287051221,TRUE,7
"901","blue","congruent",1.13500587562157,TRUE,7
"902","red","neutral",0.644824696479191,TRUE,7
"903","red","congruent",0.930334509773274,TRUE,7
"904","green","congruent",0.61531316845867,TRUE,7
"905","green","congruent",0.490146442515652,TRUE,7
"906","green","incongruent",0.389659695525552,TRUE,7
"907","green","neutral",0.450099058598425,TRUE,7
"908","blue","neutral",0.505153849706403,TRUE,7
"909","red","congruent",0.565234793943091,TRUE,7
"910","red","neutral",0.974813971544791,TRUE,7
"911","blue","incongruent",0.715145051077343,TRUE,7
"912","red","neutral",0.605494544967769,TRUE,7
"913","blue","neutral",0.464975808701638,TRUE,7
"914","red","congruent",0.594730137852821,TRUE,7
"915","blue","neutral",0.339691846642381,TRUE,7
"916","blue","congruent",0.434840995062586,FALSE,7
"917","green","incongruent",0.756700715140141,TRUE,7
"918","green","congruent",1.61549829889191,TRUE,7
"919","green","neutral",0.554761700815106,TRUE,7
"920","red","neutral",0.765225004529384,TRUE,7
"921","blue","neutral",0.490179600205011,TRUE,7
"922","green","incongruent",0.68495655355764,TRUE,7
"923","green","incongruent",0.455175737728496,TRUE,7
"924","green","neutral",0.399808711708829,TRUE,7
"925","green","incongruent",0.500257564197454,TRUE,7
"926","green","incongruent",0.835179045602672,TRUE,7
"927","green","incongruent",0.620425373685066,TRUE,7
"928","red","neutral",0.714827289883942,TRUE,7
"929","green","congruent",0.585452695227104,TRUE,7
"930","green","neutral",1.36523234658944,TRUE,7
"931","green","incongruent",0.624720873436672,TRUE,7
"932","blue","neutral",0.579958781833739,TRUE,7
"933","blue","incongruent",1.03066336300344,TRUE,7
"934","blue","neutral",0.535088927739707,TRUE,7
"935","green","incongruent",0.609857544302031,TRUE,7
"936","red","neutral",0.765287767299014,TRUE,7
"937","green","congruent",0.685578260239708,TRUE,7
"938","blue","incongruent",0.624854293664612,TRUE,7
"939","green","congruent",0.640511433679421,TRUE,7
"940","red","neutral",0.515478917433029,TRUE,7
"941","green","congruent",0.514897473660312,TRUE,7
"942","blue","incongruent",0.700427378936183,TRUE,7
"943","red","congruent",0.540526788847274,TRUE,7
"944","red","incongruent",0.709859162712746,TRUE,7
"945","blue","incongruent",0.724848806856244,TRUE,7
"946","green","congruent",1.15073169942241,TRUE,8
"947","blue","congruent",0.630964782191427,TRUE,8
"948","blue","incongruent",0.610179252838861,TRUE,8
"949","blue","incongruent",0.827580408384279,FALSE,8
"950","red","neutral",0.685654049244704,TRUE,8
"951","green","congruent",0.604514024715854,TRUE,8
"952","red","congruent",0.655006475617824,TRUE,8
"953","blue","congruent",0.690262968110574,TRUE,8
"954","blue","incongruent",0.610637539478375,TRUE,8
"955","red","congruent",0.510050135216261,TRUE,8
"956","red","congruent",0.505172402223252,TRUE,8
"957","green","incongruent",0.565457818879281,TRUE,8
"958","red","congruent",0.630300838929088,TRUE,8
"959","green","incongruent",0.829807105140276,TRUE,8
"960","green","neutral",0.544829393818191,TRUE,8
"961","green","congruent",0.395092819820661,TRUE,8
"962","green","incongruent",0.405569070822821,TRUE,8
"963","red","neutral",0.410498119287922,TRUE,8
"964","red","congruent",0.390426269732302,TRUE,8
"965","red","congruent",0.39071363637629,TRUE,8
"966","green","neutral",0.45995557659046,TRUE,8
"967","green","congruent",0.380482120702709,TRUE,8
"968","red","congruent",0.615636850666874,TRUE,8
"969","green","neutral",0.505315690810903,TRUE,8
"970","blue","neutral",0.495084964606235,TRUE,8
"971","green","incongruent",0.7301441688453,TRUE,8
"972","blue","incongruent",0.515233392635537,TRUE,8
"973","green","incongruent",0.515423259882482,TRUE,8
"974","blue","congruent",0.580873776175281,TRUE,8
"975","green","neutral",0.930432009170431,TRUE,8
"976","blue","congruent",0.49474944036524,TRUE,8
"977","blue","neutral",0.775432836139089,TRUE,8
"978","green","neutral",0.470531300661719,TRUE,8
"979","red","neutral",0.450056032548218,TRUE,8
"980","blue","incongruent",0.465113176273803,FALSE,8
"981","red","congruent",0.515553916969225,TRUE,8
"982","green","neutral",0.510373817425034,TRUE,8
"983","blue","incongruent",0.399867527135029,TRUE,8
"984","blue","congruent",0.429412212845477,TRUE,8
"985","blue","congruent",0.384770515235004,TRUE,8
"986","blue","neutral",0.430190629084223,TRUE,8
"987","red","incongruent",0.595155661537319,TRUE,8
"988","blue","neutral",0.560646401265672,TRUE,8
"989","blue","neutral",0.774894813150581,TRUE,8
"990","red","congruent",0.404838812180969,TRUE,8
"991","red","neutral",0.414867829106811,TRUE,8
"992","green","congruent",0.424992371757753,TRUE,8
"993","blue","neutral",0.495502198867939,TRUE,8
"994","red","neutral",0.420014376226959,TRUE,8
"995","blue","congruent",0.590695162806242,TRUE,8
"996","red","congruent",0.414747435114577,TRUE,8
"997","blue","neutral",0.544763867907704,TRUE,8
"998","blue","neutral",0.385576562881852,TRUE,8
"999","blue","neutral",0.384880646132842,TRUE,8
"1000","red","incongruent",0.720102915153007,TRUE,8
"1001","red","incongruent",0.625251791205983,TRUE,8
"1002","blue","incongruent",0.544958077232877,TRUE,8
"1003","green","incongruent",0.44502277420122,TRUE,8
"1004","red","congruent",0.419941350362706,TRUE,8
"1005","green","incongruent",0.619860114022913,TRUE,8
"1006","blue","neutral",0.439886095441238,TRUE,8
"1007","red","neutral",0.420291874510781,TRUE,8
"1008","blue","neutral",0.440481354918006,TRUE,8
"1009","red","congruent",0.354841752952325,TRUE,8
"1010","red","neutral",0.509873688939024,TRUE,8
"1011","red","neutral",0.43508849353168,TRUE,8
"1012","red","incongruent",0.490334336090314,TRUE,8
"1013","blue","congruent",0.610274383829505,TRUE,8
"1014","green","incongruent",0.585460195180303,TRUE,8
"1015","red","neutral",0.784851988415312,TRUE,8
"1016","green","incongruent",1.01995185029773,TRUE,8
"1017","green","congruent",0.49473246678599,TRUE,8
"1018","red","incongruent",0.484962000892892,TRUE,8
"1019","green","congruent",0.595181714007822,TRUE,8
"1020","blue","congruent",0.432738244908251,TRUE,8
"1021","blue","incongruent",0.79192010259942,TRUE,8
"1022","green","incongruent",0.406256303415034,TRUE,8
"1023","green","congruent",0.605358361599542,TRUE,8
"1024","blue","neutral",0.494803913712644,TRUE,8
"1025","blue","congruent",0.419781877664718,TRUE,8
"1026","red","congruent",0.464740152264881,TRUE,8
"1027","green","congruent",0.544939129981685,TRUE,8
"1028","red","incongruent",0.560509428428531,TRUE,8
"1029","red","incongruent",0.569775423757278,TRUE,8
"1030","green","neutral",0.749764442246146,TRUE,8
"1031","green","neutral",0.519791785498228,TRUE,8
"1032","green","congruent",0.474871405400449,TRUE,8
"1033","green","incongruent",0.425666972848944,TRUE,8
"1034","red","neutral",0.560496796927737,TRUE,8
"1035","green","incongruent",0.635092125088136,TRUE,8
"1036","green","congruent",0.365179057445289,TRUE,8
"1037","blue","incongruent",0.375248337280027,TRUE,8
"1038","red","congruent",0.344863656764232,TRUE,8
"1039","green","incongruent",0.434915994598441,TRUE,8
"1040","red","incongruent",0.595336844627354,TRUE,8
"1041","green","neutral",0.470248276096186,TRUE,8
"1042","red","neutral",0.59995721079099,TRUE,8
"1043","red","incongruent",0.400140288606167,TRUE,8
"1044","green","neutral",0.424927635315953,FALSE,8
"1045","blue","neutral",0.439912542646084,TRUE,8
"1046","green","neutral",0.615188827121756,TRUE,8
"1047","blue","incongruent",0.530355272802922,TRUE,8
"1048","blue","incongruent",0.385439195310255,TRUE,8
"1049","green","neutral",0.370292052141281,TRUE,8
"1050","green","congruent",0.525484645029223,TRUE,8
"1051","blue","incongruent",0.55510393554141,FALSE,8
"1052","red","incongruent",0.404794996662531,TRUE,8
"1053","green","incongruent",0.48527542000727,TRUE,8
"1054","blue","incongruent",0.390273112784712,TRUE,8
"1055","red","neutral",0.550822251493969,TRUE,8
"1056","green","neutral",0.740001871041045,TRUE,8
"1057","red","incongruent",0.910113845348519,TRUE,8
"1058","blue","congruent",0.414885592154974,TRUE,8
"1059","blue","incongruent",0.490657623564744,TRUE,8
"1060","red","incongruent",0.390395480449001,TRUE,8
"1061","red","neutral",0.450497740342939,TRUE,8
"1062","red","incongruent",0.390082850803424,TRUE,8
"1063","red","neutral",0.440312013859852,TRUE,8
"1064","red","neutral",0.460417415839743,TRUE,8
"1065","blue","congruent",0.70053869403705,TRUE,8
"1066","green","congruent",0.495343910373208,TRUE,8
"1067","blue","congruent",0.465703304203203,TRUE,8
"1068","green","neutral",0.495192332363217,TRUE,8
"1069","green","incongruent",0.505563189280224,TRUE,8
"1070","red","congruent",0.480164398983334,TRUE,8
"1071","blue","congruent",0.420517267853711,TRUE,8
"1072","blue","neutral",0.579866808718407,TRUE,8
"1073","blue","incongruent",0.380222780201166,TRUE,8
"1074","blue","neutral",0.460125707117413,TRUE,8
"1075","red","incongruent",0.700625930339584,TRUE,8
"1076","green","neutral",0.455613892914016,TRUE,8
"1077","red","incongruent",0.705205638859866,TRUE,8
"1078","green","congruent",0.56982673922937,TRUE,8
"1079","blue","congruent",0.885459918866331,TRUE,8
"1080","green","congruent",0.495138648484613,TRUE,8
"1081","blue","incongruent",3.77014469722053,TRUE,9
"1082","red","congruent",0.689996561879525,TRUE,9
"1083","green","neutral",0.520095256928471,TRUE,9
"1084","blue","neutral",0.814798455321579,TRUE,9
"1085","green","neutral",0.945105293008965,TRUE,9
"1086","green","neutral",0.500127696082927,TRUE,9
"1087","red","congruent",0.455109204820474,TRUE,9
"1088","green","incongruent",1.00012394611258,FALSE,9
"1089","green","congruent",0.755648133563227,FALSE,9
"1090","red","incongruent",1.13560217876511,TRUE,9
"1091","green","incongruent",0.995105707479524,FALSE,9
"1092","red","incongruent",0.710327671680716,TRUE,9
"1093","green","incongruent",1.10997770153335,TRUE,9
"1094","green","congruent",1.08996632533672,TRUE,9
"1095","green","incongruent",0.750375686984626,TRUE,9
"1096","green","congruent",0.424925957981031,TRUE,9
"1097","red","neutral",0.595101602259092,TRUE,9
"1098","green","incongruent",0.920562778512249,TRUE,9
"1099","blue","congruent",0.575227987821563,TRUE,9
"1100","red","neutral",0.680322449377854,TRUE,9
"1101","blue","incongruent",1.04546888143523,TRUE,9
"1102","green","incongruent",0.825259665129124,FALSE,9
"1103","green","incongruent",0.710755956824869,TRUE,9
"1104","blue","congruent",0.750321213839925,TRUE,9
"1105","red","incongruent",0.980213621514849,TRUE,9
"1106","green","congruent",0.780030386536964,TRUE,9
"1107","green","incongruent",0.455228414124576,TRUE,9
"1108","green","congruent",0.380229173984844,TRUE,9
"1109","green","congruent",0.30501440972148,TRUE,9
"1110","red","neutral",0.770378379063914,TRUE,9
"1111","green","congruent",0.580464513725019,TRUE,9
"1112","red","neutral",0.680014557758113,TRUE,9
"1113","blue","neutral",0.5907867775677,TRUE,9
"1114","blue","congruent",0.69061313457496,FALSE,9
"1115","red","congruent",0.760037562780781,TRUE,9
"1116","red","congruent",0.839976489718538,TRUE,9
"1117","green","neutral",0.575185751411482,TRUE,9
"1118","green","neutral",0.425610819467693,TRUE,9
"1119","blue","congruent",0.8253828217712,TRUE,9
"1120","green","incongruent",0.840240171251935,TRUE,9
"1121","red","congruent",0.540518734211219,TRUE,9
"1122","blue","congruent",0.655566384390113,TRUE,9
"1123","red","neutral",0.535333128864295,TRUE,9
"1124","blue","incongruent",0.835589428897947,TRUE,9
"1125","green","congruent",0.550066137482645,TRUE,9
"1126","green","incongruent",1.50559198281553,TRUE,9
"1127","red","congruent",0.510078121587867,TRUE,9
"1128","green","neutral",0.575109173238161,TRUE,9
"1129","blue","neutral",0.674989608654869,TRUE,9
"1130","blue","congruent",0.529881473572459,TRUE,9
"1131","blue","incongruent",0.550191267800983,TRUE,9
"1132","blue","incongruent",0.345159529315424,TRUE,9
"1133","green","neutral",0.600591151902336,TRUE,9
"1134","blue","incongruent",0.340250631663366,FALSE,9
"1135","blue","incongruent",1.0199687450513,FALSE,9
"1136","blue","incongruent",1.31027343538881,TRUE,9
"1137","red","incongruent",0.600481021436281,TRUE,9
"1138","blue","congruent",1.00062604628329,TRUE,9
"1139","green","congruent",1.52506573288701,TRUE,9
"1140","green","neutral",0.000272365665296093,FALSE,9
"1141","blue","congruent",0.871114990019123,TRUE,9
"1142","red","incongruent",0.610654471005546,TRUE,9
"1143","blue","incongruent",0.590116126462817,FALSE,9
"1144","green","congruent",0.765429613398737,TRUE,9
"1145","green","incongruent",0.834758910990786,TRUE,9
"1146","green","neutral",0.500045196909923,TRUE,9
"1147","red","incongruent",0.730574308661744,TRUE,9
"1148","blue","neutral",0.764976065373048,TRUE,9
"1149","green","neutral",1.05508496821858,TRUE,9
"1150","blue","neutral",0.789943312425748,TRUE,9
"1151","red","neutral",0.585259333558497,TRUE,9
"1152","red","incongruent",0.785065203948761,TRUE,9
"1153","green","congruent",0.65040841033624,TRUE,9
"1154","blue","neutral",0.850143228817615,TRUE,9
"1155","red","incongruent",0.969688465003856,TRUE,9
"1156","red","neutral",0.845381961262319,TRUE,9
"1157","blue","congruent",0.680027189198881,TRUE,9
"1158","blue","neutral",0.460401782765985,TRUE,9
"1159","red","congruent",0.655173230479704,TRUE,9
"1160","red","incongruent",0.490168981181341,TRUE,9
"1161","red","congruent",0.440204092665226,TRUE,9
"1162","blue","congruent",0.394734027038794,TRUE,9
"1163","blue","congruent",0.320458332207636,TRUE,9
"1164","blue","neutral",0.380333383465768,TRUE,9
"1165","blue","incongruent",0.335412391214049,TRUE,9
"1166","red","congruent",0.614870217759744,TRUE,9
"1167","green","congruent",0.505012515000999,TRUE,9
"1168","red","neutral",0.905150039936416,TRUE,9
"1169","red","neutral",0.440282249779557,TRUE,9
"1170","green","neutral",0.685348977393005,TRUE,9
"1171","red","neutral",0.494736829641624,TRUE,9
"1172","red","incongruent",0.610235659463797,FALSE,9
"1173","blue","incongruent",0.495019458350725,TRUE,9
"1174","green","neutral",0.755213137963437,TRUE,9
"1175","red","incongruent",0.540476497815689,TRUE,9
"1176","green","congruent",0.439769097065437,FALSE,9
"1177","red","neutral",1.06984995020321,TRUE,9
"1178","red","neutral",0.565481244455441,TRUE,9
"1179","blue","neutral",0.535223787854193,TRUE,9
"1180","blue","congruent",1.00040302223351,TRUE,9
"1181","blue","congruent",0.360259244742338,TRUE,9
"1182","blue","incongruent",0.329984419906395,TRUE,9
"1183","red","neutral",0.885071559154312,TRUE,9
"1184","red","incongruent",0.500563875873922,TRUE,9
"1185","red","neutral",0.34490768975229,TRUE,9
"1186","blue","neutral",0.500584796696785,TRUE,9
"1187","green","neutral",0.999684608454118,TRUE,9
"1188","red","congruent",0.485082848506863,TRUE,9
"1189","blue","incongruent",0.500098485848866,TRUE,9
"1190","red","congruent",0.610390789472149,TRUE,9
"1191","red","incongruent",0.285434081786661,FALSE,9
"1192","red","incongruent",0.565527428203495,TRUE,9
"1193","red","congruent",0.339885109046008,TRUE,9
"1194","green","congruent",0.510791798558785,TRUE,9
"1195","blue","incongruent",0.519996178991278,TRUE,9
"1196","green","congruent",0.610584998023114,FALSE,9
"1197","blue","neutral",1.39505691851082,TRUE,9
"1198","green","neutral",0.850987562371301,TRUE,9
"1199","red","congruent",0.554757142599556,TRUE,9
"1200","green","incongruent",0.165824109411915,FALSE,9
"1201","blue","incongruent",0.804831845787703,TRUE,9
"1202","red","incongruent",0.50033256241295,TRUE,9
"1203","green","incongruent",0.615400343958754,FALSE,9
"1204","green","incongruent",0.85483739177289,TRUE,9
"1205","blue","neutral",0.485138111092965,TRUE,9
"1206","blue","neutral",0.765329351270339,TRUE,9
"1207","blue","congruent",0.630024801066611,TRUE,9
"1208","red","neutral",0.580448724402231,TRUE,9
"1209","green","incongruent",0.879686218962888,TRUE,9
"1210","blue","congruent",0.850410857674433,TRUE,9
"1211","red","congruent",0.564856382377911,TRUE,9
"1212","green","neutral",0.735695572555414,TRUE,9
"1213","blue","neutral",0.950715630911873,TRUE,9
"1214","blue","neutral",0.65545664865931,TRUE,9
"1215","red","congruent",0.649957625428215,TRUE,9
"1216","green","incongruent",3.86173430814097,TRUE,10
"1217","red","congruent",1.9527508330774,TRUE,10
"1218","green","incongruent",0.772319803835103,TRUE,10
"1219","red","incongruent",1.6266932925131,TRUE,10
"1220","red","congruent",0.576880749734187,TRUE,10
"1221","blue","neutral",0.840724518804564,TRUE,10
"1222","green","neutral",0.611285011553719,TRUE,10
"1223","blue","congruent",0.99747925497104,TRUE,10
"1224","blue","incongruent",0.571147692922295,TRUE,10
"1225","blue","neutral",0.516549839779145,TRUE,10
"1226","green","neutral",1.04525380736709,TRUE,10
"1227","red","congruent",0.3797001473921,TRUE,10
"1228","red","neutral",0.315277467476221,TRUE,10
"1229","blue","neutral",1.36544684606872,TRUE,10
"1230","green","neutral",0.324888745382623,TRUE,10
"1231","blue","congruent",0.449940356314755,TRUE,10
"1232","red","incongruent",0.491861064554996,TRUE,10
"1233","red","congruent",0.309773748726002,TRUE,10
"1234","green","incongruent",0.815252599493647,TRUE,10
"1235","red","incongruent",0.629567320786805,TRUE,10
"1236","green","incongruent",0.525052321445855,TRUE,10
"1237","green","incongruent",0.555178500800139,TRUE,10
"1238","green","neutral",0.384740847990315,TRUE,10
"1239","green","neutral",0.334890411142737,TRUE,10
"1240","green","neutral",0.370253471846695,TRUE,10
"1241","blue","congruent",0.661258604124669,FALSE,10
"1242","red","neutral",0.437724255914418,TRUE,10
"1243","blue","neutral",0.44219220345326,TRUE,10
"1244","green","congruent",0.555542441751641,TRUE,10
"1245","red","neutral",1.31593548219018,TRUE,10
"1246","red","congruent",0.428180871547738,TRUE,10
"1247","red","congruent",0.398071665578527,TRUE,10
"1248","blue","congruent",0.852914172302803,TRUE,10
"1249","red","incongruent",0.486427212993817,TRUE,10
"1250","blue","congruent",0.57055638755844,TRUE,10
"1251","red","neutral",2.07485815381676,TRUE,10
"1252","green","congruent",0.546995750338056,TRUE,10
"1253","green","incongruent",0.549910435789684,TRUE,10
"1254","blue","incongruent",0.801020218854092,TRUE,10
"1255","red","congruent",0.384755058266137,TRUE,10
"1256","red","incongruent",0.370121632065889,TRUE,10
"1257","green","congruent",0.576098789837147,TRUE,10
"1258","blue","neutral",0.41033158099583,TRUE,10
"1259","blue","incongruent",0.565234244554176,TRUE,10
"1260","green","neutral",0.711473771383453,TRUE,10
"1261","green","congruent",0.393128068531496,TRUE,10
"1262","red","congruent",0.460337146687152,TRUE,10
"1263","green","congruent",0.369830321412792,TRUE,10
"1264","red","congruent",0.531551943689465,TRUE,10
"1265","red","congruent",0.366941688133352,TRUE,10
"1266","green","incongruent",0.499011991104453,TRUE,10
"1267","blue","neutral",0.428054952715343,TRUE,10
"1268","red","congruent",0.411682346653379,TRUE,10
"1269","blue","incongruent",0.671588290416935,TRUE,10
"1270","green","congruent",0.474070194025558,TRUE,10
"1271","red","incongruent",0.564611755529654,TRUE,10
"1272","green","congruent",0.364549230316243,TRUE,10
"1273","blue","congruent",0.459440715124288,TRUE,10
"1274","green","congruent",0.654892795311298,TRUE,10
"1275","green","congruent",1.61624479252612,TRUE,10
"1276","blue","congruent",0.582433020259941,TRUE,10
"1277","green","congruent",0.799811950683988,TRUE,10
"1278","blue","congruent",0.584039570881259,TRUE,10
"1279","blue","incongruent",0.522307764573611,TRUE,10
"1280","blue","incongruent",0.489821100522704,TRUE,10
"1281","green","incongruent",0.491466334672509,TRUE,10
"1282","red","incongruent",0.534843201448894,TRUE,10
"1283","red","neutral",0.349782780145688,TRUE,10
"1284","blue","neutral",0.820314615505481,TRUE,10
"1285","green","incongruent",0.450293244829595,TRUE,10
"1286","blue","neutral",0.369932556452341,TRUE,10
"1287","blue","incongruent",0.360762586554415,TRUE,10
"1288","blue","neutral",0.325021769353043,TRUE,10
"1289","blue","incongruent",0.464916408052773,TRUE,10
"1290","red","congruent",0.399759530555684,TRUE,10
"1291","blue","congruent",0.500059604212197,TRUE,10
"1292","blue","congruent",0.31492971044986,TRUE,10
"1293","blue","neutral",0.365669078992482,TRUE,10
"1294","green","neutral",0.439771719814416,TRUE,10
"1295","green","neutral",0.275571193876317,TRUE,10
"1296","red","congruent",0.381538009724636,FALSE,10
"1297","blue","incongruent",0.60059730525802,TRUE,10
"1298","green","congruent",0.430518461911333,TRUE,10
"1299","blue","neutral",0.876472835873642,TRUE,10
"1300","red","incongruent",0.835313166846731,TRUE,10
"1301","red","incongruent",0.350336191440874,TRUE,10
"1302","red","neutral",0.334854095993592,TRUE,10
"1303","red","incongruent",0.380512896219898,TRUE,10
"1304","blue","congruent",0.375394039105117,TRUE,10
"1305","red","incongruent",1.24514857238046,TRUE,10
"1306","blue","incongruent",0.545784719058929,TRUE,10
"1307","green","neutral",0.465707446737156,TRUE,10
"1308","blue","neutral",0.420102724504659,FALSE,10
"1309","green","congruent",0.844467742279221,TRUE,10
"1310","red","incongruent",0.688952063213605,TRUE,10
"1311","blue","incongruent",0.541209010262151,TRUE,10
"1312","green","neutral",0.389605893790758,TRUE,10
"1313","red","incongruent",0.440051978030851,TRUE,10
"1314","red","neutral",0.399862160325029,TRUE,10
"1315","red","neutral",0.34666757191394,TRUE,10
"1316","blue","congruent",0.375601272293352,TRUE,10
"1317","green","congruent",0.865483950677685,TRUE,10
"1318","blue","congruent",0.645392831231675,TRUE,10
"1319","green","neutral",0.550390032596738,TRUE,10
"1320","blue","neutral",0.645087705032665,TRUE,10
"1321","blue","incongruent",0.520686214216653,TRUE,10
"1322","green","incongruent",0.640548311385032,TRUE,10
"1323","green","congruent",0.407793467852002,TRUE,10
"1324","blue","neutral",0.458315340229547,TRUE,10
"1325","green","incongruent",0.501877335320728,TRUE,10
"1326","red","neutral",0.42514381983267,TRUE,10
"1327","green","neutral",0.330264176921105,TRUE,10
"1328","blue","incongruent",0.331008242749476,TRUE,10
"1329","blue","incongruent",0.466378092807304,TRUE,10
"1330","red","neutral",0.337613257871453,FALSE,10
"1331","red","neutral",0.410212372571323,TRUE,10
"1332","green","incongruent",0.625051610932132,TRUE,10
"1333","green","incongruent",0.551320016199725,TRUE,10
"1334","blue","congruent",0.83481146516624,TRUE,10
"1335","red","incongruent",2.06176496361775,FALSE,10
"1336","red","congruent",0.510004428869252,TRUE,10
"1337","green","incongruent",0.760692640419279,TRUE,10
"1338","red","congruent",1.11786634288296,FALSE,10
"1339","blue","incongruent",1.13371751077023,TRUE,10
"1340","red","neutral",0.770925617890384,TRUE,10
"1341","blue","congruent",0.56975074386844,FALSE,10
"1342","red","neutral",1.86150586292297,TRUE,10
"1343","green","congruent",0.81619008296434,TRUE,10
"1344","green","neutral",0.684874503528476,TRUE,10
"1345","green","neutral",0.429987944949403,TRUE,10
"1346","red","neutral",0.732360508380566,TRUE,10
"1347","red","neutral",0.485021185152732,TRUE,10
"1348","green","incongruent",0.559688289706514,TRUE,10
"1349","red","incongruent",0.905371405293636,TRUE,10
"1350","blue","neutral",0.510309555068261,TRUE,10
"1351","red","incongruent",2.50585581780535,TRUE,11
"1352","red","neutral",0.708089357371819,TRUE,11
"1353","red","neutral",0.330172994318218,TRUE,11
"1354","green","neutral",0.696609033472214,TRUE,11
"1355","red","incongruent",0.544931707783007,TRUE,11
"1356","blue","congruent",0.512767932776001,TRUE,11
"1357","blue","congruent",0.355072160569762,TRUE,11
"1358","red","congruent",0.526526637556685,TRUE,11
"1359","green","incongruent",0.800910878676632,TRUE,11
"1360","red","neutral",0.502501797994682,TRUE,11
"1361","red","neutral",0.320391193102637,TRUE,11
"1362","green","neutral",0.777779312838447,TRUE,11
"1363","green","congruent",0.359865760261641,TRUE,11
"1364","blue","neutral",0.395373686832272,TRUE,11
"1365","green","incongruent",0.544649081187231,TRUE,11
"1366","green","neutral",0.410438158064039,TRUE,11
"1367","red","neutral",0.540231659073356,TRUE,11
"1368","green","incongruent",0.424699353985034,TRUE,11
"1369","red","incongruent",0.610159636659091,TRUE,11
"1370","blue","congruent",0.394633963032788,TRUE,11
"1371","green","congruent",0.730396332485725,TRUE,11
"1372","blue","incongruent",0.699874633789364,TRUE,11
"1373","red","incongruent",0.570083106429479,FALSE,11
"1374","red","incongruent",0.544440663809382,TRUE,11
"1375","red","incongruent",0.450423110960969,TRUE,11
"1376","red","neutral",0.369731244212289,TRUE,11
"1377","red","neutral",0.349724360123219,TRUE,11
"1378","green","incongruent",0.835075539457648,TRUE,11
"1379","blue","incongruent",0.580101745574552,TRUE,11
"1380","red","neutral",0.589870915433949,TRUE,11
"1381","red","congruent",0.340626231063766,TRUE,11
"1382","blue","neutral",0.454634089346314,TRUE,11
"1383","green","incongruent",0.325302422299387,FALSE,11
"1384","red","congruent",0.520340430839724,TRUE,11
"1385","blue","incongruent",0.820418034734644,TRUE,11
"1386","blue","neutral",0.479635095907611,TRUE,11
"1387","red","incongruent",0.389699444772987,TRUE,11
"1388","red","congruent",0.344975759637919,TRUE,11
"1389","green","incongruent",0.444841235693957,TRUE,11
"1390","blue","neutral",1.64956552081844,TRUE,11
"1391","blue","neutral",0.524697854011492,TRUE,11
"1392","blue","congruent",0.415062023906444,TRUE,11
"1393","green","congruent",0.499865002380261,TRUE,11
"1394","blue","neutral",0.635426296431092,TRUE,11
"1395","blue","congruent",0.415007551182612,TRUE,11
"1396","blue","congruent",0.610718574172552,TRUE,11
"1397","green","congruent",0.564854514407216,TRUE,11
"1398","green","congruent",0.420194301837341,TRUE,11
"1399","blue","neutral",0.465639553197434,TRUE,11
"1400","blue","incongruent",0.345625879754266,TRUE,11
"1401","blue","congruent",0.329844579056157,TRUE,11
"1402","green","neutral",0.495147980285651,TRUE,11
"1403","green","neutral",0.320543953567153,TRUE,11
"1404","green","congruent",0.350260008573514,TRUE,11
"1405","green","congruent",0.364986591025854,TRUE,11
"1406","red","congruent",0.51058507652624,TRUE,11
"1407","red","congruent",0.350368164561246,TRUE,11
"1408","red","neutral",0.250535056355602,TRUE,11
"1409","red","incongruent",0.375358908145586,TRUE,11
"1410","red","congruent",1.09017801528239,TRUE,11
"1411","red","neutral",0.330374701288179,TRUE,11
"1412","red","congruent",0.270533256387239,TRUE,11
"1413","blue","congruent",1.00075393407542,TRUE,11
"1414","blue","incongruent",0.370216367237731,TRUE,11
"1415","blue","incongruent",0.345045626827073,TRUE,11
"1416","green","incongruent",0.494843248816437,TRUE,11
"1417","red","neutral",0.580644893892668,TRUE,11
"1418","green","incongruent",0.660077177586572,TRUE,11
"1419","green","neutral",0.505097146971366,TRUE,11
"1420","blue","neutral",0.704723100934871,TRUE,11
"1421","green","incongruent",0.570603360414452,TRUE,11
"1422","blue","incongruent",0.532843894594407,TRUE,11
"1423","green","neutral",0.520087803715001,TRUE,11
"1424","green","incongruent",0.600123629399263,TRUE,11
"1425","red","congruent",0.495579420047079,TRUE,11
"1426","blue","neutral",0.604824862298415,TRUE,11
"1427","green","congruent",0.335517242196033,TRUE,11
"1428","red","congruent",0.490616481235634,TRUE,11
"1429","red","incongruent",0.570335733554202,TRUE,11
"1430","blue","congruent",1.25012098470893,TRUE,11
"1431","red","neutral",0.465333637538606,TRUE,11
"1432","green","congruent",0.434626021067515,TRUE,11
"1433","red","congruent",0.465161930039699,TRUE,11
"1434","blue","congruent",0.345302595980456,TRUE,11
"1435","green","congruent",0.495021666723233,TRUE,11
"1436","blue","incongruent",0.910322502208601,TRUE,11
"1437","green","neutral",0.67994353783763,TRUE,11
"1438","blue","incongruent",0.359754446434749,TRUE,11
"1439","blue","congruent",0.410200530674842,TRUE,11
"1440","blue","incongruent",1.05489074271588,TRUE,11
"1441","red","incongruent",0.569833637143688,TRUE,11
"1442","green","incongruent",1.04512867799428,TRUE,11
"1443","red","incongruent",0.435942445225351,TRUE,11
"1444","blue","congruent",0.440092240478862,TRUE,11
"1445","red","incongruent",1.1654956346822,TRUE,11
"1446","blue","congruent",0.515298940781804,TRUE,11
"1447","blue","neutral",0.565106352072235,TRUE,11
"1448","blue","congruent",0.355674518370279,TRUE,11
"1449","green","congruent",0.474726235090088,TRUE,11
"1450","red","congruent",0.520321878535242,TRUE,11
"1451","red","incongruent",0.494736277018319,TRUE,11
"1452","blue","neutral",0.519607417448128,TRUE,11
"1453","blue","neutral",0.3355815831668,TRUE,11
"1454","blue","incongruent",0.35976155157266,TRUE,11
"1455","red","congruent",0.544858288024898,TRUE,11
"1456","red","neutral",0.41475729243723,TRUE,11
"1457","green","incongruent",0.405094699646042,TRUE,11
"1458","green","neutral",0.360020494375476,TRUE,11
"1459","green","neutral",0.295193611059972,TRUE,11
"1460","red","congruent",0.389700628962601,FALSE,11
"1461","red","incongruent",0.889727470594607,TRUE,11
"1462","green","neutral",0.710164452363529,TRUE,11
"1463","green","neutral",0.340179002107106,TRUE,11
"1464","blue","neutral",0.399707426211194,TRUE,11
"1465","red","neutral",0.495461395812185,TRUE,11
"1466","blue","incongruent",0.835415401886394,TRUE,11
"1467","green","neutral",0.390094964115065,TRUE,11
"1468","red","incongruent",0.489933203809301,TRUE,11
"1469","green","congruent",0.490355564783385,TRUE,11
"1470","blue","incongruent",1.12559318033084,TRUE,11
"1471","blue","incongruent",0.340260711192627,TRUE,11
"1472","green","neutral",0.44479821013681,FALSE,11
"1473","green","incongruent",0.449813648022541,TRUE,11
"1474","blue","neutral",0.444891761118924,TRUE,11
"1475","green","congruent",0.455095923308704,TRUE,11
"1476","blue","congruent",0.484984475273791,TRUE,11
"1477","green","incongruent",0.399930448594773,TRUE,11
"1478","blue","neutral",0.324830720089949,TRUE,11
"1479","green","incongruent",0.440726571399864,TRUE,11
"1480","red","congruent",0.525034558601192,TRUE,11
"1481","green","congruent",0.29006488569803,TRUE,11
"1482","red","neutral",0.835018303624679,TRUE,11
"1483","green","congruent",0.359915101496881,TRUE,11
"1484","blue","incongruent",0.585504413474837,TRUE,11
"1485","green","neutral",0.505345826797338,TRUE,11
